{"cameraMode":{"drawMode":0,"name":"Shaded","section":"Shading Mode"},"sceneLighting":true,"audioPlay":false,"sceneViewState":{"showFog":true,"showMaterialUpdate":false,"showSkybox":true,"showFlares":true,"showImageEffects":true,"showParticleSystems":true},"in2DMode":false,"pivot":{"x":-4.728891372680664,"y":3.2830586433410646,"z":3.3469018936157228},"rotation":{"x":0.004604704678058624,"y":0.9905115962028503,"z":-0.03419136255979538,"w":0.13302873075008393},"size":0.2573651671409607,"orthographic":false}