{"cameraMode":{"drawMode":0,"name":"Shaded","section":"Shading Mode"},"sceneLighting":true,"audioPlay":false,"sceneViewState":{"showFog":true,"showMaterialUpdate":false,"showSkybox":true,"showFlares":true,"showImageEffects":true,"showParticleSystems":true},"in2DMode":false,"pivot":{"x":-1.0445606708526612,"y":-7.71884822845459,"z":-31.347070693969728},"rotation":{"x":-0.01212798710912466,"y":0.9831158518791199,"z":-0.16825342178344727,"w":-0.0709008201956749},"size":38.4951171875,"orthographic":false}