{"cameraMode":{"drawMode":0,"name":"Shaded","section":"Shading Mode"},"sceneLighting":true,"audioPlay":false,"sceneViewState":{"showFog":true,"showMaterialUpdate":false,"showSkybox":true,"showFlares":true,"showImageEffects":true,"showParticleSystems":true},"in2DMode":false,"pivot":{"x":-0.8982701301574707,"y":4.383217811584473,"z":-12.147468566894532},"rotation":{"x":0.005984887946397066,"y":0.9845102429389954,"z":-0.03428475558757782,"w":0.17183814942836762},"size":38.95656204223633,"orthographic":false}