{"cameraMode":{"drawMode":0,"name":"Shaded","section":"Shading Mode"},"sceneLighting":true,"audioPlay":false,"sceneViewState":{"showFog":true,"showMaterialUpdate":false,"showSkybox":true,"showFlares":true,"showImageEffects":true,"showParticleSystems":true},"in2DMode":false,"pivot":{"x":10.941234588623047,"y":0.9475326538085938,"z":-2.616161584854126},"rotation":{"x":0.00376838818192482,"y":0.9604113101959229,"z":-0.01296297088265419,"w":0.2782587707042694},"size":3.777022361755371,"orthographic":false}