{"cameraMode":{"drawMode":0,"name":"Shaded","section":"Shading Mode"},"sceneLighting":true,"audioPlay":false,"sceneViewState":{"showFog":true,"showMaterialUpdate":false,"showSkybox":true,"showFlares":true,"showImageEffects":true,"showParticleSystems":true},"in2DMode":false,"pivot":{"x":-2.8321807384490969,"y":2.866610527038574,"z":-5.605023384094238},"rotation":{"x":0.020812874659895898,"y":0.9776470065116882,"z":0.11757677048444748,"w":-0.1730577051639557},"size":10.0,"orthographic":false}