{"cameraMode":{"drawMode":0,"name":"Shaded","section":"Shading Mode"},"sceneLighting":true,"audioPlay":false,"sceneViewState":{"showFog":true,"showMaterialUpdate":false,"showSkybox":true,"showFlares":true,"showImageEffects":true,"showParticleSystems":true},"in2DMode":false,"pivot":{"x":-8.50374984741211,"y":3.0056190490722658,"z":-0.07405134290456772},"rotation":{"x":-0.0018666298128664494,"y":0.9974173307418823,"z":-0.06593156605958939,"w":-0.028430495411157609},"size":0.2573651671409607,"orthographic":false}