{"cameraMode":{"drawMode":0,"name":"Shaded","section":"Shading Mode"},"sceneLighting":true,"audioPlay":false,"sceneViewState":{"showFog":true,"showMaterialUpdate":false,"showSkybox":true,"showFlares":true,"showImageEffects":true,"showParticleSystems":true},"in2DMode":false,"pivot":{"x":3.362792491912842,"y":3.8231425285339357,"z":9.822160720825196},"rotation":{"x":0.003848473774269223,"y":0.994939386844635,"z":0.0912858173251152,"w":-0.04180637747049332},"size":0.2573651671409607,"orthographic":false}